编号,一级标题,二级标题,三级标题,四级标题,链接标题,HTTP方法,URI,HTTP代码,载荷,附件
1,会员管理,添加会员,NULL,NULL,NULL,POST,/admin2m0GHi12MA12ge/module/index.php?module=user&act=insert,200,./postdata/1.json,NULL
2,网站信息管理,添加网站信息管理,NULL,NULL,NULL,POST,/admin2m0GHi12MA12ge/module/index.php?module=info&act=Insert,200,./postdata/2.json,NULL
3,新闻管理,添加新闻,NULL,NULL,NULL,POST,/admin2m0GHi12MA12ge/module/index.php?module=news&act=Insert,200,./postdata/3.json,NULL
4,门类学科,添加门类,NULL,NULL,NULL,POST,/admin2m0GHi12MA12ge/module/index.php?module=subjectType&act=Insert,200,./postdata/4.json,NULL
5,门类学科,添加学科,NULL,NULL,NULL,POST,/admin2m0GHi12MA12ge/module/index.php?module=subject&act=Insert,200,./postdata/5.json,NULL
6,学校管理,添加学校,NULL,NULL,NULL,POST,/admin2m0GHi12MA12ge/module/index.php?module=school&act=Insert,200,./postdata/6.json,NULL
7,学院管理,添加学院,NULL,NULL,NULL,POST,/admin2m0GHi12MA12ge/module/index.php?module=college&act=Insert,200,./postdata/7.json,NULL
8,专业管理,添加专业名称,NULL,NULL,NULL,POST,/admin2m0GHi12MA12ge/module/index.php?module=specialyName&act=Insert,200,./postdata/8.json,NULL
9,专业管理,添加学校专业,NULL,NULL,NULL,POST,/admin2m0GHi12MA12ge/module/index.php?module=speciality&act=Insert,200,./postdata/9.json,NULL
10,圈子管理,添加圈子,NULL,NULL,NULL,POST,/admin2m0GHi12MA12ge/module/index.php?module=club&act=Insert,200,./postdata/10.json,NULL
11,调剂信息管理,添加学校信息,NULL,NULL,NULL,POST,/admin2m0GHi12MA12ge/module/index.php?module=tiaoji&act=insert,200,./postdata/11.json,NULL
12,专题管理,创建专题,NULL,NULL,NULL,POST,/admin2m0GHi12MA12ge/module/index.php?module=topic&act=insert,200,./postdata/12.json,NULL
13,辅导机构管理,创建辅导机构,NULL,NULL,NULL,POST,/admin2m0GHi12MA12ge/module/index.php?module=organization&act=insert,200,./postdata/13.json,NULL
14,授课方式及地点管理,添加授课方式及地点,NULL,NULL,NULL,POST,/admin2m0GHi12MA12ge/module/index.php?module=teachType&act=insert,200,./postdata/14.json,NULL
15,团购管理,添加团购信息,NULL,NULL,NULL,POST,/admin2m0GHi12MA12ge/module/index.php?module=tuangou&act=Insert,200,./postdata/15.json,NULL
16,在线调查模块,添加在线调查,NULL,NULL,NULL,POST,/admin2m0GHi12MA12ge/module/index.php?module=vote&act=Insert,200,./postdata/16.json,NULL
17,书籍管理,添加书籍,NULL,NULL,NULL,POST,/admin2m0GHi12MA12ge/module/index.php?module=book&act=Insert,200,./postdata/17.json,NULL
18,笔记管理,添加笔记,NULL,NULL,NULL,POST,/admin2m0GHi12MA12ge/module/index.php?module=note&act=Insert,200,./postdata/18.json,NULL
19,会员管理,会员列表,NULL,NULL,NULL,GET,/admin2m0GHi12MA12ge/module/index.php?module=user&act=list&totalnum=552776&pagenum=1,200,NULL,NULL
20,会员管理,会员列表,NULL,NULL,NULL,GET,/admin2m0GHi12MA12ge/module/index.php?module=user&act=list&totalnum=552776&pagenum=2,200,NULL,NULL
21,会员管理,会员列表,NULL,NULL,NULL,GET,/admin2m0GHi12MA12ge/module/index.php?module=user&act=list&totalnum=552776&pagenum=3,200,NULL,NULL
22,会员管理,会员列表,NULL,NULL,NULL,GET,/admin2m0GHi12MA12ge/module/index.php?module=user&act=list&totalnum=552776&pagenum=4,200,NULL,NULL
23,会员管理,会员列表,NULL,NULL,NULL,GET,/admin2m0GHi12MA12ge/module/index.php?module=user&act=list&totalnum=552776&pagenum=5,200,NULL,NULL
24,会员管理,会员列表,NULL,NULL,NULL,GET,/admin2m0GHi12MA12ge/module/index.php?module=user&act=list&totalnum=552776&pagenum=6,200,NULL,NULL
25,会员管理,会员列表,NULL,NULL,NULL,GET,/admin2m0GHi12MA12ge/module/index.php?module=user&act=list&totalnum=552776&pagenum=7,200,NULL,NULL
26,会员管理,会员列表,NULL,NULL,NULL,GET,/admin2m0GHi12MA12ge/module/index.php?module=user&act=list&totalnum=552776&pagenum=8,200,NULL,NULL
27,会员管理,会员列表,NULL,NULL,NULL,GET,/admin2m0GHi12MA12ge/module/index.php?module=user&act=list&totalnum=552776&pagenum=9,200,NULL,NULL
28,网站信息管理,信息列表,NULL,NULL,NULL,GET,/admin2m0GHi12MA12ge/module/index.php?module=info&act=List&totalnum=46&pagenum=1,200,NULL,NULL
29,网站信息管理,信息列表,NULL,NULL,NULL,GET,/admin2m0GHi12MA12ge/module/index.php?module=info&act=List&totalnum=46&pagenum=2,200,NULL,NULL
30,网站信息管理,信息列表,NULL,NULL,NULL,GET,/admin2m0GHi12MA12ge/module/index.php?module=info&act=List&totalnum=46&pagenum=3,200,NULL,NULL
31,网站信息管理,信息列表,NULL,NULL,NULL,GET,/admin2m0GHi12MA12ge/module/index.php?module=info&act=List&totalnum=46&pagenum=4,200,NULL,NULL
32,网站信息管理,信息列表,NULL,NULL,NULL,GET,/admin2m0GHi12MA12ge/module/index.php?module=info&act=List&totalnum=46&pagenum=5,200,NULL,NULL
33,网站信息管理,信息列表,NULL,NULL,NULL,GET,/admin2m0GHi12MA12ge/module/index.php?module=info&act=List&totalnum=46&pagenum=6,200,NULL,NULL
34,网站信息管理,信息列表,NULL,NULL,NULL,GET,/admin2m0GHi12MA12ge/module/index.php?module=info&act=List&totalnum=46&pagenum=7,200,NULL,NULL
35,网站信息管理,信息列表,NULL,NULL,NULL,GET,/admin2m0GHi12MA12ge/module/index.php?module=info&act=List&totalnum=46&pagenum=8,200,NULL,NULL
36,网站信息管理,信息列表,NULL,NULL,NULL,GET,/admin2m0GHi12MA12ge/module/index.php?module=info&act=List&totalnum=46&pagenum=9,200,NULL,NULL
37,新闻管理,新闻列表,NULL,NULL,NULL,GET,/admin2m0GHi12MA12ge/module/index.php?module=news&act=List&totalnum=307829&pagenum=1,200,NULL,NULL
38,新闻管理,新闻列表,NULL,NULL,NULL,GET,/admin2m0GHi12MA12ge/module/index.php?module=news&act=List&totalnum=307829&pagenum=2,200,NULL,NULL
39,新闻管理,新闻列表,NULL,NULL,NULL,GET,/admin2m0GHi12MA12ge/module/index.php?module=news&act=List&totalnum=307829&pagenum=3,200,NULL,NULL
40,新闻管理,新闻列表,NULL,NULL,NULL,GET,/admin2m0GHi12MA12ge/module/index.php?module=news&act=List&totalnum=307829&pagenum=4,200,NULL,NULL
41,新闻管理,新闻列表,NULL,NULL,NULL,GET,/admin2m0GHi12MA12ge/module/index.php?module=news&act=List&totalnum=307829&pagenum=5,200,NULL,NULL
42,新闻管理,新闻列表,NULL,NULL,NULL,GET,/admin2m0GHi12MA12ge/module/index.php?module=news&act=List&totalnum=307829&pagenum=6,200,NULL,NULL
43,新闻管理,新闻列表,NULL,NULL,NULL,GET,/admin2m0GHi12MA12ge/module/index.php?module=news&act=List&totalnum=307829&pagenum=7,200,NULL,NULL
44,新闻管理,新闻列表,NULL,NULL,NULL,GET,/admin2m0GHi12MA12ge/module/index.php?module=news&act=List&totalnum=307829&pagenum=8,200,NULL,NULL
45,新闻管理,新闻列表,NULL,NULL,NULL,GET,/admin2m0GHi12MA12ge/module/index.php?module=news&act=List&totalnum=307829&pagenum=9,200,NULL,NULL
46,新闻管理,新闻标签列表,NULL,NULL,NULL,GET,/admin2m0GHi12MA12ge/module/index.php?module=newsTag&act=List&totalnum=189&pagenum=1,200,NULL,NULL
47,新闻管理,新闻标签列表,NULL,NULL,NULL,GET,/admin2m0GHi12MA12ge/module/index.php?module=newsTag&act=List&totalnum=189&pagenum=2,200,NULL,NULL
48,新闻管理,新闻标签列表,NULL,NULL,NULL,GET,/admin2m0GHi12MA12ge/module/index.php?module=newsTag&act=List&totalnum=189&pagenum=3,200,NULL,NULL
49,新闻管理,新闻标签列表,NULL,NULL,NULL,GET,/admin2m0GHi12MA12ge/module/index.php?module=newsTag&act=List&totalnum=189&pagenum=4,200,NULL,NULL
50,新闻管理,新闻标签列表,NULL,NULL,NULL,GET,/admin2m0GHi12MA12ge/module/index.php?module=newsTag&act=List&totalnum=189&pagenum=5,200,NULL,NULL
51,新闻管理,新闻标签列表,NULL,NULL,NULL,GET,/admin2m0GHi12MA12ge/module/index.php?module=newsTag&act=List&totalnum=189&pagenum=6,200,NULL,NULL
52,新闻管理,新闻标签列表,NULL,NULL,NULL,GET,/admin2m0GHi12MA12ge/module/index.php?module=newsTag&act=List&totalnum=189&pagenum=7,200,NULL,NULL
53,新闻管理,新闻标签列表,NULL,NULL,NULL,GET,/admin2m0GHi12MA12ge/module/index.php?module=newsTag&act=List&totalnum=189&pagenum=8,200,NULL,NULL
54,新闻管理,新闻标签列表,NULL,NULL,NULL,GET,/admin2m0GHi12MA12ge/module/index.php?module=newsTag&act=List&totalnum=189&pagenum=9,200,NULL,NULL
55,门类学科,门类列表,NULL,NULL,NULL,GET,/admin2m0GHi12MA12ge/module/index.php?module=subjectType&act=List&totalnum=54&pagenum=1,200,NULL,NULL
56,门类学科,门类列表,NULL,NULL,NULL,GET,/admin2m0GHi12MA12ge/module/index.php?module=subjectType&act=List&totalnum=54&pagenum=2,200,NULL,NULL
57,门类学科,学科列表,NULL,NULL,NULL,GET,/admin2m0GHi12MA12ge/module/index.php?module=subject&act=List&totalnum=178&pagenum=1,200,NULL,NULL
58,门类学科,学科列表,NULL,NULL,NULL,GET,/admin2m0GHi12MA12ge/module/index.php?module=subject&act=List&totalnum=178&pagenum=2,200,NULL,NULL
59,门类学科,学科列表,NULL,NULL,NULL,GET,/admin2m0GHi12MA12ge/module/index.php?module=subject&act=List&totalnum=178&pagenum=3,200,NULL,NULL
60,门类学科,学科列表,NULL,NULL,NULL,GET,/admin2m0GHi12MA12ge/module/index.php?module=subject&act=List&totalnum=178&pagenum=4,200,NULL,NULL
61,门类学科,学科列表,NULL,NULL,NULL,GET,/admin2m0GHi12MA12ge/module/index.php?module=subject&act=List&totalnum=178&pagenum=5,200,NULL,NULL
62,学校管理,学校列表,NULL,NULL,NULL,GET,/admin2m0GHi12MA12ge/module/index.php?module=school&act=List&totalnum=1067&pagenum=1,200,NULL,NULL
63,学校管理,学校列表,NULL,NULL,NULL,GET,/admin2m0GHi12MA12ge/module/index.php?module=school&act=List&totalnum=1067&pagenum=2,200,NULL,NULL
64,学校管理,学校列表,NULL,NULL,NULL,GET,/admin2m0GHi12MA12ge/module/index.php?module=school&act=List&totalnum=1067&pagenum=3,200,NULL,NULL
65,学校管理,学校列表,NULL,NULL,NULL,GET,/admin2m0GHi12MA12ge/module/index.php?module=school&act=List&totalnum=1067&pagenum=4,200,NULL,NULL
66,学校管理,学校列表,NULL,NULL,NULL,GET,/admin2m0GHi12MA12ge/module/index.php?module=school&act=List&totalnum=1067&pagenum=5,200,NULL,NULL
67,学校管理,学校列表,NULL,NULL,NULL,GET,/admin2m0GHi12MA12ge/module/index.php?module=school&act=List&totalnum=1067&pagenum=6,200,NULL,NULL
68,学校管理,学校列表,NULL,NULL,NULL,GET,/admin2m0GHi12MA12ge/module/index.php?module=school&act=List&totalnum=1067&pagenum=7,200,NULL,NULL
69,学校管理,学校列表,NULL,NULL,NULL,GET,/admin2m0GHi12MA12ge/module/index.php?module=school&act=List&totalnum=1067&pagenum=8,200,NULL,NULL
70,学校管理,学校列表,NULL,NULL,NULL,GET,/admin2m0GHi12MA12ge/module/index.php?module=school&act=List&totalnum=1067&pagenum=9,200,NULL,NULL
71,学院管理,学院列表,NULL,NULL,NULL,GET,/admin2m0GHi12MA12ge/module/index.php?module=college&act=List&totalnum=3036&pagenum=1,200,NULL,NULL
72,学院管理,学院列表,NULL,NULL,NULL,GET,/admin2m0GHi12MA12ge/module/index.php?module=college&act=List&totalnum=3036&pagenum=2,200,NULL,NULL
73,学院管理,学院列表,NULL,NULL,NULL,GET,/admin2m0GHi12MA12ge/module/index.php?module=college&act=List&totalnum=3036&pagenum=3,200,NULL,NULL
74,学院管理,学院列表,NULL,NULL,NULL,GET,/admin2m0GHi12MA12ge/module/index.php?module=college&act=List&totalnum=3036&pagenum=4,200,NULL,NULL
75,学院管理,学院列表,NULL,NULL,NULL,GET,/admin2m0GHi12MA12ge/module/index.php?module=college&act=List&totalnum=3036&pagenum=5,200,NULL,NULL
76,学院管理,学院列表,NULL,NULL,NULL,GET,/admin2m0GHi12MA12ge/module/index.php?module=college&act=List&totalnum=3036&pagenum=6,200,NULL,NULL
77,学院管理,学院列表,NULL,NULL,NULL,GET,/admin2m0GHi12MA12ge/module/index.php?module=college&act=List&totalnum=3036&pagenum=7,200,NULL,NULL
78,学院管理,学院列表,NULL,NULL,NULL,GET,/admin2m0GHi12MA12ge/module/index.php?module=college&act=List&totalnum=3036&pagenum=8,200,NULL,NULL
79,学院管理,学院列表,NULL,NULL,NULL,GET,/admin2m0GHi12MA12ge/module/index.php?module=college&act=List&totalnum=3036&pagenum=9,200,NULL,NULL
80,专业管理,专业名称列表,NULL,NULL,NULL,GET,/admin2m0GHi12MA12ge/module/index.php?module=specialyName&act=List&totalnum=867&pagenum=1,200,NULL,NULL
81,专业管理,专业名称列表,NULL,NULL,NULL,GET,/admin2m0GHi12MA12ge/module/index.php?module=specialyName&act=List&totalnum=867&pagenum=2,200,NULL,NULL
82,专业管理,专业名称列表,NULL,NULL,NULL,GET,/admin2m0GHi12MA12ge/module/index.php?module=specialyName&act=List&totalnum=867&pagenum=3,200,NULL,NULL
83,专业管理,专业名称列表,NULL,NULL,NULL,GET,/admin2m0GHi12MA12ge/module/index.php?module=specialyName&act=List&totalnum=867&pagenum=4,200,NULL,NULL
84,专业管理,专业名称列表,NULL,NULL,NULL,GET,/admin2m0GHi12MA12ge/module/index.php?module=specialyName&act=List&totalnum=867&pagenum=5,200,NULL,NULL
85,专业管理,专业名称列表,NULL,NULL,NULL,GET,/admin2m0GHi12MA12ge/module/index.php?module=specialyName&act=List&totalnum=867&pagenum=6,200,NULL,NULL
86,专业管理,专业名称列表,NULL,NULL,NULL,GET,/admin2m0GHi12MA12ge/module/index.php?module=specialyName&act=List&totalnum=867&pagenum=7,200,NULL,NULL
87,专业管理,专业名称列表,NULL,NULL,NULL,GET,/admin2m0GHi12MA12ge/module/index.php?module=specialyName&act=List&totalnum=867&pagenum=8,200,NULL,NULL
88,专业管理,专业名称列表,NULL,NULL,NULL,GET,/admin2m0GHi12MA12ge/module/index.php?module=specialyName&act=List&totalnum=867&pagenum=9,200,NULL,NULL
89,专业管理,学校专业列表,NULL,NULL,NULL,GET,/admin2m0GHi12MA12ge/module/index.php?module=speciality&act=List&totalnum=15038&pagenum=1,200,NULL,NULL
90,专业管理,学校专业列表,NULL,NULL,NULL,GET,/admin2m0GHi12MA12ge/module/index.php?module=speciality&act=List&totalnum=15038&pagenum=2,200,NULL,NULL
91,专业管理,学校专业列表,NULL,NULL,NULL,GET,/admin2m0GHi12MA12ge/module/index.php?module=speciality&act=List&totalnum=15038&pagenum=3,200,NULL,NULL
92,专业管理,学校专业列表,NULL,NULL,NULL,GET,/admin2m0GHi12MA12ge/module/index.php?module=speciality&act=List&totalnum=15038&pagenum=4,200,NULL,NULL
93,专业管理,学校专业列表,NULL,NULL,NULL,GET,/admin2m0GHi12MA12ge/module/index.php?module=speciality&act=List&totalnum=15038&pagenum=5,200,NULL,NULL
94,专业管理,学校专业列表,NULL,NULL,NULL,GET,/admin2m0GHi12MA12ge/module/index.php?module=speciality&act=List&totalnum=15038&pagenum=6,200,NULL,NULL
95,专业管理,学校专业列表,NULL,NULL,NULL,GET,/admin2m0GHi12MA12ge/module/index.php?module=speciality&act=List&totalnum=15038&pagenum=7,200,NULL,NULL
96,专业管理,学校专业列表,NULL,NULL,NULL,GET,/admin2m0GHi12MA12ge/module/index.php?module=speciality&act=List&totalnum=15038&pagenum=8,200,NULL,NULL
97,专业管理,学校专业列表,NULL,NULL,NULL,GET,/admin2m0GHi12MA12ge/module/index.php?module=speciality&act=List&totalnum=15038&pagenum=9,200,NULL,NULL
98,圈子管理,圈子列表,NULL,NULL,NULL,GET,/admin2m0GHi12MA12ge/module/index.php?module=club&act=List&totalnum=296&pagenum=1,200,NULL,NULL
99,圈子管理,圈子列表,NULL,NULL,NULL,GET,/admin2m0GHi12MA12ge/module/index.php?module=club&act=List&totalnum=296&pagenum=2,200,NULL,NULL
100,圈子管理,圈子列表,NULL,NULL,NULL,GET,/admin2m0GHi12MA12ge/module/index.php?module=club&act=List&totalnum=296&pagenum=3,200,NULL,NULL
101,圈子管理,圈子列表,NULL,NULL,NULL,GET,/admin2m0GHi12MA12ge/module/index.php?module=club&act=List&totalnum=296&pagenum=4,200,NULL,NULL
102,圈子管理,圈子列表,NULL,NULL,NULL,GET,/admin2m0GHi12MA12ge/module/index.php?module=club&act=List&totalnum=296&pagenum=5,200,NULL,NULL
103,圈子管理,圈子列表,NULL,NULL,NULL,GET,/admin2m0GHi12MA12ge/module/index.php?module=club&act=List&totalnum=296&pagenum=6,200,NULL,NULL
104,圈子管理,圈子列表,NULL,NULL,NULL,GET,/admin2m0GHi12MA12ge/module/index.php?module=club&act=List&totalnum=296&pagenum=7,200,NULL,NULL
105,圈子管理,圈子列表,NULL,NULL,NULL,GET,/admin2m0GHi12MA12ge/module/index.php?module=club&act=List&totalnum=296&pagenum=8,200,NULL,NULL
106,圈子管理,圈子列表,NULL,NULL,NULL,GET,/admin2m0GHi12MA12ge/module/index.php?module=club&act=List&totalnum=296&pagenum=9,200,NULL,NULL
107,话题管理,话题列表,NULL,NULL,NULL,GET,/admin2m0GHi12MA12ge/module/index.php?module=article&act=List&totalnum=26032&pagenum=1,200,NULL,NULL
108,话题管理,话题列表,NULL,NULL,NULL,GET,/admin2m0GHi12MA12ge/module/index.php?module=article&act=List&totalnum=26032&pagenum=2,200,NULL,NULL
109,话题管理,话题列表,NULL,NULL,NULL,GET,/admin2m0GHi12MA12ge/module/index.php?module=article&act=List&totalnum=26032&pagenum=3,200,NULL,NULL
110,话题管理,话题列表,NULL,NULL,NULL,GET,/admin2m0GHi12MA12ge/module/index.php?module=article&act=List&totalnum=26032&pagenum=4,200,NULL,NULL
111,话题管理,话题列表,NULL,NULL,NULL,GET,/admin2m0GHi12MA12ge/module/index.php?module=article&act=List&totalnum=26032&pagenum=5,200,NULL,NULL
112,话题管理,话题列表,NULL,NULL,NULL,GET,/admin2m0GHi12MA12ge/module/index.php?module=article&act=List&totalnum=26032&pagenum=6,200,NULL,NULL
113,话题管理,话题列表,NULL,NULL,NULL,GET,/admin2m0GHi12MA12ge/module/index.php?module=article&act=List&totalnum=26032&pagenum=7,200,NULL,NULL
114,话题管理,话题列表,NULL,NULL,NULL,GET,/admin2m0GHi12MA12ge/module/index.php?module=article&act=List&totalnum=26032&pagenum=8,200,NULL,NULL
115,话题管理,话题列表,NULL,NULL,NULL,GET,/admin2m0GHi12MA12ge/module/index.php?module=article&act=List&totalnum=26032&pagenum=9,200,NULL,NULL
116,话题管理,跟帖列表,NULL,NULL,NULL,GET,/admin2m0GHi12MA12ge/module/index.php?module=article&act=CommentList&totalnum=13846&pagenum=1,200,NULL,NULL
117,话题管理,跟帖列表,NULL,NULL,NULL,GET,/admin2m0GHi12MA12ge/module/index.php?module=article&act=CommentList&totalnum=13846&pagenum=2,200,NULL,NULL
118,话题管理,跟帖列表,NULL,NULL,NULL,GET,/admin2m0GHi12MA12ge/module/index.php?module=article&act=CommentList&totalnum=13846&pagenum=3,200,NULL,NULL
119,话题管理,跟帖列表,NULL,NULL,NULL,GET,/admin2m0GHi12MA12ge/module/index.php?module=article&act=CommentList&totalnum=13846&pagenum=4,200,NULL,NULL
120,话题管理,跟帖列表,NULL,NULL,NULL,GET,/admin2m0GHi12MA12ge/module/index.php?module=article&act=CommentList&totalnum=13846&pagenum=5,200,NULL,NULL
121,话题管理,跟帖列表,NULL,NULL,NULL,GET,/admin2m0GHi12MA12ge/module/index.php?module=article&act=CommentList&totalnum=13846&pagenum=6,200,NULL,NULL
122,话题管理,跟帖列表,NULL,NULL,NULL,GET,/admin2m0GHi12MA12ge/module/index.php?module=article&act=CommentList&totalnum=13846&pagenum=7,200,NULL,NULL
123,话题管理,跟帖列表,NULL,NULL,NULL,GET,/admin2m0GHi12MA12ge/module/index.php?module=article&act=CommentList&totalnum=13846&pagenum=8,200,NULL,NULL
124,话题管理,跟帖列表,NULL,NULL,NULL,GET,/admin2m0GHi12MA12ge/module/index.php?module=article&act=CommentList&totalnum=13846&pagenum=9,200,NULL,NULL
125,问答管理,问题列表,NULL,NULL,NULL,GET,/admin2m0GHi12MA12ge/module/index.php?module=question&act=List&totalnum=29505&pagenum=1,200,NULL,NULL
126,问答管理,问题列表,NULL,NULL,NULL,GET,/admin2m0GHi12MA12ge/module/index.php?module=question&act=List&totalnum=29505&pagenum=2,200,NULL,NULL
127,问答管理,问题列表,NULL,NULL,NULL,GET,/admin2m0GHi12MA12ge/module/index.php?module=question&act=List&totalnum=29505&pagenum=3,200,NULL,NULL
128,问答管理,问题列表,NULL,NULL,NULL,GET,/admin2m0GHi12MA12ge/module/index.php?module=question&act=List&totalnum=29505&pagenum=4,200,NULL,NULL
129,问答管理,问题列表,NULL,NULL,NULL,GET,/admin2m0GHi12MA12ge/module/index.php?module=question&act=List&totalnum=29505&pagenum=5,200,NULL,NULL
130,问答管理,问题列表,NULL,NULL,NULL,GET,/admin2m0GHi12MA12ge/module/index.php?module=question&act=List&totalnum=29505&pagenum=6,200,NULL,NULL
131,问答管理,问题列表,NULL,NULL,NULL,GET,/admin2m0GHi12MA12ge/module/index.php?module=question&act=List&totalnum=29505&pagenum=7,200,NULL,NULL
132,问答管理,问题列表,NULL,NULL,NULL,GET,/admin2m0GHi12MA12ge/module/index.php?module=question&act=List&totalnum=29505&pagenum=8,200,NULL,NULL
133,问答管理,问题列表,NULL,NULL,NULL,GET,/admin2m0GHi12MA12ge/module/index.php?module=question&act=List&totalnum=29505&pagenum=9,200,NULL,NULL
134,问答管理,回答列表,NULL,NULL,NULL,GET,/admin2m0GHi12MA12ge/module/index.php?module=question&act=AnswerList&totalnum=57441&pagenum=1,200,NULL,NULL
135,问答管理,回答列表,NULL,NULL,NULL,GET,/admin2m0GHi12MA12ge/module/index.php?module=question&act=AnswerList&totalnum=57441&pagenum=2,200,NULL,NULL
136,问答管理,回答列表,NULL,NULL,NULL,GET,/admin2m0GHi12MA12ge/module/index.php?module=question&act=AnswerList&totalnum=57441&pagenum=3,200,NULL,NULL
137,问答管理,回答列表,NULL,NULL,NULL,GET,/admin2m0GHi12MA12ge/module/index.php?module=question&act=AnswerList&totalnum=57441&pagenum=4,200,NULL,NULL
138,问答管理,回答列表,NULL,NULL,NULL,GET,/admin2m0GHi12MA12ge/module/index.php?module=question&act=AnswerList&totalnum=57441&pagenum=5,200,NULL,NULL
139,问答管理,回答列表,NULL,NULL,NULL,GET,/admin2m0GHi12MA12ge/module/index.php?module=question&act=AnswerList&totalnum=57441&pagenum=6,200,NULL,NULL
140,问答管理,回答列表,NULL,NULL,NULL,GET,/admin2m0GHi12MA12ge/module/index.php?module=question&act=AnswerList&totalnum=57441&pagenum=7,200,NULL,NULL
141,问答管理,回答列表,NULL,NULL,NULL,GET,/admin2m0GHi12MA12ge/module/index.php?module=question&act=AnswerList&totalnum=57441&pagenum=8,200,NULL,NULL
142,问答管理,回答列表,NULL,NULL,NULL,GET,/admin2m0GHi12MA12ge/module/index.php?module=question&act=AnswerList&totalnum=57441&pagenum=9,200,NULL,NULL
143,调剂信息管理,学生信息列表,NULL,NULL,NULL,GET,/admin2m0GHi12MA12ge/module/index.php?module=tiaoji&act=list&totalnum=283310&pagenum=1,200,NULL,NULL
144,调剂信息管理,学生信息列表,NULL,NULL,NULL,GET,/admin2m0GHi12MA12ge/module/index.php?module=tiaoji&act=list&totalnum=283310&pagenum=2,200,NULL,NULL
145,调剂信息管理,学生信息列表,NULL,NULL,NULL,GET,/admin2m0GHi12MA12ge/module/index.php?module=tiaoji&act=list&totalnum=283310&pagenum=3,200,NULL,NULL
146,调剂信息管理,学生信息列表,NULL,NULL,NULL,GET,/admin2m0GHi12MA12ge/module/index.php?module=tiaoji&act=list&totalnum=283310&pagenum=4,200,NULL,NULL
147,调剂信息管理,学生信息列表,NULL,NULL,NULL,GET,/admin2m0GHi12MA12ge/module/index.php?module=tiaoji&act=list&totalnum=283310&pagenum=5,200,NULL,NULL
148,调剂信息管理,学生信息列表,NULL,NULL,NULL,GET,/admin2m0GHi12MA12ge/module/index.php?module=tiaoji&act=list&totalnum=283310&pagenum=6,200,NULL,NULL
149,调剂信息管理,学生信息列表,NULL,NULL,NULL,GET,/admin2m0GHi12MA12ge/module/index.php?module=tiaoji&act=list&totalnum=283310&pagenum=7,200,NULL,NULL
150,调剂信息管理,学生信息列表,NULL,NULL,NULL,GET,/admin2m0GHi12MA12ge/module/index.php?module=tiaoji&act=list&totalnum=283310&pagenum=8,200,NULL,NULL
151,调剂信息管理,学生信息列表,NULL,NULL,NULL,GET,/admin2m0GHi12MA12ge/module/index.php?module=tiaoji&act=list&totalnum=283310&pagenum=9,200,NULL,NULL
152,调剂信息管理,学生定制信息列表,NULL,NULL,NULL,GET,/admin2m0GHi12MA12ge/module/index.php?module=tiaoji&act=plusInfoList&totalnum=9485&pagenum=1,200,NULL,NULL
153,调剂信息管理,学生定制信息列表,NULL,NULL,NULL,GET,/admin2m0GHi12MA12ge/module/index.php?module=tiaoji&act=plusInfoList&totalnum=9485&pagenum=2,200,NULL,NULL
154,调剂信息管理,学生定制信息列表,NULL,NULL,NULL,GET,/admin2m0GHi12MA12ge/module/index.php?module=tiaoji&act=plusInfoList&totalnum=9485&pagenum=3,200,NULL,NULL
155,调剂信息管理,学生定制信息列表,NULL,NULL,NULL,GET,/admin2m0GHi12MA12ge/module/index.php?module=tiaoji&act=plusInfoList&totalnum=9485&pagenum=4,200,NULL,NULL
156,调剂信息管理,学生定制信息列表,NULL,NULL,NULL,GET,/admin2m0GHi12MA12ge/module/index.php?module=tiaoji&act=plusInfoList&totalnum=9485&pagenum=5,200,NULL,NULL
157,调剂信息管理,学生定制信息列表,NULL,NULL,NULL,GET,/admin2m0GHi12MA12ge/module/index.php?module=tiaoji&act=plusInfoList&totalnum=9485&pagenum=6,200,NULL,NULL
158,调剂信息管理,学生定制信息列表,NULL,NULL,NULL,GET,/admin2m0GHi12MA12ge/module/index.php?module=tiaoji&act=plusInfoList&totalnum=9485&pagenum=7,200,NULL,NULL
159,调剂信息管理,学生定制信息列表,NULL,NULL,NULL,GET,/admin2m0GHi12MA12ge/module/index.php?module=tiaoji&act=plusInfoList&totalnum=9485&pagenum=8,200,NULL,NULL
160,调剂信息管理,学生定制信息列表,NULL,NULL,NULL,GET,/admin2m0GHi12MA12ge/module/index.php?module=tiaoji&act=plusInfoList&totalnum=9485&pagenum=9,200,NULL,NULL
161,调剂信息管理,学校信息列表,NULL,NULL,NULL,GET,/admin2m0GHi12MA12ge/module/index.php?module=tiaoji&act=list&type=school&totalnum=25860&pagenum=1,200,NULL,NULL
162,调剂信息管理,学校信息列表,NULL,NULL,NULL,GET,/admin2m0GHi12MA12ge/module/index.php?module=tiaoji&act=list&type=school&totalnum=25860&pagenum=2,200,NULL,NULL
163,调剂信息管理,学校信息列表,NULL,NULL,NULL,GET,/admin2m0GHi12MA12ge/module/index.php?module=tiaoji&act=list&type=school&totalnum=25860&pagenum=3,200,NULL,NULL
164,调剂信息管理,学校信息列表,NULL,NULL,NULL,GET,/admin2m0GHi12MA12ge/module/index.php?module=tiaoji&act=list&type=school&totalnum=25860&pagenum=4,200,NULL,NULL
165,调剂信息管理,学校信息列表,NULL,NULL,NULL,GET,/admin2m0GHi12MA12ge/module/index.php?module=tiaoji&act=list&type=school&totalnum=25860&pagenum=5,200,NULL,NULL
166,调剂信息管理,学校信息列表,NULL,NULL,NULL,GET,/admin2m0GHi12MA12ge/module/index.php?module=tiaoji&act=list&type=school&totalnum=25860&pagenum=6,200,NULL,NULL
167,调剂信息管理,学校信息列表,NULL,NULL,NULL,GET,/admin2m0GHi12MA12ge/module/index.php?module=tiaoji&act=list&type=school&totalnum=25860&pagenum=7,200,NULL,NULL
168,调剂信息管理,学校信息列表,NULL,NULL,NULL,GET,/admin2m0GHi12MA12ge/module/index.php?module=tiaoji&act=list&type=school&totalnum=25860&pagenum=8,200,NULL,NULL
169,调剂信息管理,学校信息列表,NULL,NULL,NULL,GET,/admin2m0GHi12MA12ge/module/index.php?module=tiaoji&act=list&type=school&totalnum=25860&pagenum=9,200,NULL,NULL
170,订单系统,在线支付列表,NULL,NULL,NULL,GET,/admin2m0GHi12MA12ge/module/index.php?module=pay&act=List&totalnum=3498&pagenum=1,200,NULL,NULL
171,订单系统,在线支付列表,NULL,NULL,NULL,GET,/admin2m0GHi12MA12ge/module/index.php?module=pay&act=List&totalnum=3498&pagenum=2,200,NULL,NULL
172,订单系统,在线支付列表,NULL,NULL,NULL,GET,/admin2m0GHi12MA12ge/module/index.php?module=pay&act=List&totalnum=3498&pagenum=3,200,NULL,NULL
173,订单系统,在线支付列表,NULL,NULL,NULL,GET,/admin2m0GHi12MA12ge/module/index.php?module=pay&act=List&totalnum=3498&pagenum=4,200,NULL,NULL
174,订单系统,在线支付列表,NULL,NULL,NULL,GET,/admin2m0GHi12MA12ge/module/index.php?module=pay&act=List&totalnum=3498&pagenum=5,200,NULL,NULL
175,订单系统,在线支付列表,NULL,NULL,NULL,GET,/admin2m0GHi12MA12ge/module/index.php?module=pay&act=List&totalnum=3498&pagenum=6,200,NULL,NULL
176,订单系统,在线支付列表,NULL,NULL,NULL,GET,/admin2m0GHi12MA12ge/module/index.php?module=pay&act=List&totalnum=3498&pagenum=7,200,NULL,NULL
177,订单系统,在线支付列表,NULL,NULL,NULL,GET,/admin2m0GHi12MA12ge/module/index.php?module=pay&act=List&totalnum=3498&pagenum=8,200,NULL,NULL
178,订单系统,在线支付列表,NULL,NULL,NULL,GET,/admin2m0GHi12MA12ge/module/index.php?module=pay&act=List&totalnum=3498&pagenum=9,200,NULL,NULL
179,笔记管理,笔记列表,NULL,NULL,NULL,GET,/admin2m0GHi12MA12ge/module/index.php?module=note&act=List&totalnum=91129&pagenum=1,200,NULL,NULL
180,笔记管理,笔记列表,NULL,NULL,NULL,GET,/admin2m0GHi12MA12ge/module/index.php?module=note&act=List&totalnum=91129&pagenum=2,200,NULL,NULL
181,笔记管理,笔记列表,NULL,NULL,NULL,GET,/admin2m0GHi12MA12ge/module/index.php?module=note&act=List&totalnum=91129&pagenum=3,200,NULL,NULL
182,笔记管理,笔记列表,NULL,NULL,NULL,GET,/admin2m0GHi12MA12ge/module/index.php?module=note&act=List&totalnum=91129&pagenum=4,200,NULL,NULL
183,笔记管理,笔记列表,NULL,NULL,NULL,GET,/admin2m0GHi12MA12ge/module/index.php?module=note&act=List&totalnum=91129&pagenum=5,200,NULL,NULL
184,笔记管理,笔记列表,NULL,NULL,NULL,GET,/admin2m0GHi12MA12ge/module/index.php?module=note&act=List&totalnum=91129&pagenum=6,200,NULL,NULL
185,笔记管理,笔记列表,NULL,NULL,NULL,GET,/admin2m0GHi12MA12ge/module/index.php?module=note&act=List&totalnum=91129&pagenum=7,200,NULL,NULL
186,笔记管理,笔记列表,NULL,NULL,NULL,GET,/admin2m0GHi12MA12ge/module/index.php?module=note&act=List&totalnum=91129&pagenum=8,200,NULL,NULL
187,笔记管理,笔记列表,NULL,NULL,NULL,GET,/admin2m0GHi12MA12ge/module/index.php?module=note&act=List&totalnum=91129&pagenum=9,200,NULL,NULL
188,新东方辅导班管理,新东方辅导班列表,NULL,NULL,NULL,GET,/admin2m0GHi12MA12ge/module/index.php?module=xinDongFang&act=list&totalnum=526&pagenum=1,200,NULL,NULL
189,新东方辅导班管理,新东方辅导班列表,NULL,NULL,NULL,GET,/admin2m0GHi12MA12ge/module/index.php?module=xinDongFang&act=list&totalnum=526&pagenum=2,200,NULL,NULL
190,新东方辅导班管理,新东方辅导班列表,NULL,NULL,NULL,GET,/admin2m0GHi12MA12ge/module/index.php?module=xinDongFang&act=list&totalnum=526&pagenum=3,200,NULL,NULL
191,新东方辅导班管理,新东方辅导班列表,NULL,NULL,NULL,GET,/admin2m0GHi12MA12ge/module/index.php?module=xinDongFang&act=list&totalnum=526&pagenum=4,200,NULL,NULL
192,新东方辅导班管理,新东方辅导班列表,NULL,NULL,NULL,GET,/admin2m0GHi12MA12ge/module/index.php?module=xinDongFang&act=list&totalnum=526&pagenum=5,200,NULL,NULL
193,新东方辅导班管理,新东方辅导班列表,NULL,NULL,NULL,GET,/admin2m0GHi12MA12ge/module/index.php?module=xinDongFang&act=list&totalnum=526&pagenum=6,200,NULL,NULL
194,新东方辅导班管理,新东方辅导班列表,NULL,NULL,NULL,GET,/admin2m0GHi12MA12ge/module/index.php?module=xinDongFang&act=list&totalnum=526&pagenum=7,200,NULL,NULL
195,新东方辅导班管理,新东方辅导班列表,NULL,NULL,NULL,GET,/admin2m0GHi12MA12ge/module/index.php?module=xinDongFang&act=list&totalnum=526&pagenum=8,200,NULL,NULL
196,新东方辅导班管理,新东方辅导班列表,NULL,NULL,NULL,GET,/admin2m0GHi12MA12ge/module/index.php?module=xinDongFang&act=list&totalnum=526&pagenum=9,200,NULL,NULL
197,会员管理,添加会员,NULL,NULL,NULL,POST,/admin2m0GHi12MA12ge/module/index.php?module=user&act=insert,200,./postdata/197.json,NULL
198,会员管理,添加会员,NULL,NULL,NULL,POST,/admin2m0GHi12MA12ge/module/index.php?module=user&act=insert,200,./postdata/198.json,NULL
199,会员管理,添加会员,NULL,NULL,NULL,POST,/admin2m0GHi12MA12ge/module/index.php?module=user&act=insert,200,./postdata/199.json,NULL
200,会员管理,添加会员,NULL,NULL,NULL,POST,/admin2m0GHi12MA12ge/module/index.php?module=user&act=insert,200,./postdata/200.json,NULL
201,网站信息管理,添加网站信息管理,NULL,NULL,NULL,POST,/admin2m0GHi12MA12ge/module/index.php?module=info&act=Insert,200,./postdata/201.json,NULL
202,网站信息管理,添加网站信息管理,NULL,NULL,NULL,POST,/admin2m0GHi12MA12ge/module/index.php?module=info&act=Insert,200,./postdata/202.json,NULL
203,网站信息管理,添加网站信息管理,NULL,NULL,NULL,POST,/admin2m0GHi12MA12ge/module/index.php?module=info&act=Insert,200,./postdata/203.json,NULL
204,网站信息管理,添加网站信息管理,NULL,NULL,NULL,POST,/admin2m0GHi12MA12ge/module/index.php?module=info&act=Insert,200,./postdata/204.json,NULL
205,网站信息管理,添加网站信息管理,NULL,NULL,NULL,POST,/admin2m0GHi12MA12ge/module/index.php?module=info&act=Insert,200,./postdata/205.json,NULL
206,新闻管理,添加新闻,NULL,NULL,NULL,POST,/admin2m0GHi12MA12ge/module/index.php?module=news&act=Insert,200,./postdata/206.json,NULL
207,新闻管理,添加新闻,NULL,NULL,NULL,POST,/admin2m0GHi12MA12ge/module/index.php?module=news&act=Insert,200,./postdata/207.json,NULL
208,新闻管理,添加新闻,NULL,NULL,NULL,POST,/admin2m0GHi12MA12ge/module/index.php?module=news&act=Insert,200,./postdata/208.json,NULL
209,新闻管理,添加新闻,NULL,NULL,NULL,POST,/admin2m0GHi12MA12ge/module/index.php?module=news&act=Insert,200,./postdata/209.json,NULL
210,新闻管理,添加新闻,NULL,NULL,NULL,POST,/admin2m0GHi12MA12ge/module/index.php?module=news&act=Insert,200,./postdata/210.json,NULL
211,门类学科,添加门类,NULL,NULL,NULL,POST,/admin2m0GHi12MA12ge/module/index.php?module=subjectType&act=Insert,200,./postdata/211.json,NULL
212,门类学科,添加门类,NULL,NULL,NULL,POST,/admin2m0GHi12MA12ge/module/index.php?module=subjectType&act=Insert,200,./postdata/212.json,NULL
213,门类学科,添加门类,NULL,NULL,NULL,POST,/admin2m0GHi12MA12ge/module/index.php?module=subjectType&act=Insert,200,./postdata/213.json,NULL
214,门类学科,添加门类,NULL,NULL,NULL,POST,/admin2m0GHi12MA12ge/module/index.php?module=subjectType&act=Insert,200,./postdata/214.json,NULL
215,门类学科,添加门类,NULL,NULL,NULL,POST,/admin2m0GHi12MA12ge/module/index.php?module=subjectType&act=Insert,200,./postdata/215.json,NULL
216,门类学科,添加学科,NULL,NULL,NULL,POST,/admin2m0GHi12MA12ge/module/index.php?module=subject&act=Insert,200,./postdata/216.json,NULL
217,门类学科,添加学科,NULL,NULL,NULL,POST,/admin2m0GHi12MA12ge/module/index.php?module=subject&act=Insert,200,./postdata/217.json,NULL
218,门类学科,添加学科,NULL,NULL,NULL,POST,/admin2m0GHi12MA12ge/module/index.php?module=subject&act=Insert,200,./postdata/218.json,NULL
219,门类学科,添加学科,NULL,NULL,NULL,POST,/admin2m0GHi12MA12ge/module/index.php?module=subject&act=Insert,200,./postdata/219.json,NULL
220,门类学科,添加学科,NULL,NULL,NULL,POST,/admin2m0GHi12MA12ge/module/index.php?module=subject&act=Insert,200,./postdata/220.json,NULL
221,学校管理,添加学校,NULL,NULL,NULL,POST,/admin2m0GHi12MA12ge/module/index.php?module=school&act=Insert,200,./postdata/221.json,NULL
222,学校管理,添加学校,NULL,NULL,NULL,POST,/admin2m0GHi12MA12ge/module/index.php?module=school&act=Insert,200,./postdata/222.json,NULL
223,学校管理,添加学校,NULL,NULL,NULL,POST,/admin2m0GHi12MA12ge/module/index.php?module=school&act=Insert,200,./postdata/223.json,NULL
224,学校管理,添加学校,NULL,NULL,NULL,POST,/admin2m0GHi12MA12ge/module/index.php?module=school&act=Insert,200,./postdata/224.json,NULL
225,学校管理,添加学校,NULL,NULL,NULL,POST,/admin2m0GHi12MA12ge/module/index.php?module=school&act=Insert,200,./postdata/225.json,NULL
226,学院管理,添加学院,NULL,NULL,NULL,POST,/admin2m0GHi12MA12ge/module/index.php?module=college&act=Insert,200,./postdata/226.json,NULL
227,学院管理,添加学院,NULL,NULL,NULL,POST,/admin2m0GHi12MA12ge/module/index.php?module=college&act=Insert,200,./postdata/227.json,NULL
228,学院管理,添加学院,NULL,NULL,NULL,POST,/admin2m0GHi12MA12ge/module/index.php?module=college&act=Insert,200,./postdata/228.json,NULL
229,学院管理,添加学院,NULL,NULL,NULL,POST,/admin2m0GHi12MA12ge/module/index.php?module=college&act=Insert,200,./postdata/229.json,NULL
230,学院管理,添加学院,NULL,NULL,NULL,POST,/admin2m0GHi12MA12ge/module/index.php?module=college&act=Insert,200,./postdata/230.json,NULL
231,专业管理,添加专业名称,NULL,NULL,NULL,POST,/admin2m0GHi12MA12ge/module/index.php?module=specialyName&act=Insert,200,./postdata/231.json,NULL
232,专业管理,添加专业名称,NULL,NULL,NULL,POST,/admin2m0GHi12MA12ge/module/index.php?module=specialyName&act=Insert,200,./postdata/232.json,NULL
233,专业管理,添加专业名称,NULL,NULL,NULL,POST,/admin2m0GHi12MA12ge/module/index.php?module=specialyName&act=Insert,200,./postdata/233.json,NULL
234,专业管理,添加专业名称,NULL,NULL,NULL,POST,/admin2m0GHi12MA12ge/module/index.php?module=specialyName&act=Insert,200,./postdata/234.json,NULL
235,专业管理,添加专业名称,NULL,NULL,NULL,POST,/admin2m0GHi12MA12ge/module/index.php?module=specialyName&act=Insert,200,./postdata/235.json,NULL
236,新闻管理,添加新闻,NULL,NULL,NULL,POST,/admin2m0GHi12MA12ge/module/index.php?module=news&act=Insert,200,./postdata/236.json,NULL
237,新闻管理,添加新闻,NULL,NULL,NULL,POST,/admin2m0GHi12MA12ge/module/index.php?module=news&act=Insert,200,./postdata/237.json,NULL
238,新闻管理,添加新闻,NULL,NULL,NULL,POST,/admin2m0GHi12MA12ge/module/index.php?module=news&act=Insert,200,./postdata/238.json,NULL
239,新闻管理,添加新闻,NULL,NULL,NULL,POST,/admin2m0GHi12MA12ge/module/index.php?module=news&act=Insert,200,./postdata/239.json,NULL
240,新闻管理,添加新闻,NULL,NULL,NULL,POST,/admin2m0GHi12MA12ge/module/index.php?module=news&act=Insert,200,./postdata/240.json,NULL
241,新闻管理,添加新闻,NULL,NULL,NULL,POST,/admin2m0GHi12MA12ge/module/index.php?module=news&act=Insert,200,./postdata/241.json,NULL
242,新闻管理,添加新闻,NULL,NULL,NULL,POST,/admin2m0GHi12MA12ge/module/index.php?module=news&act=Insert,200,./postdata/242.json,NULL
243,新闻管理,添加新闻,NULL,NULL,NULL,POST,/admin2m0GHi12MA12ge/module/index.php?module=news&act=Insert,200,./postdata/243.json,NULL
244,新闻管理,添加新闻,NULL,NULL,NULL,POST,/admin2m0GHi12MA12ge/module/index.php?module=news&act=Insert,200,./postdata/244.json,NULL
245,新闻管理,添加新闻,NULL,NULL,NULL,POST,/admin2m0GHi12MA12ge/module/index.php?module=news&act=Insert,200,./postdata/245.json,NULL